ts,VCH1s,VCH2s
-0.08,4.5,2.12
-0.07992,4.5,2.12
-0.07984000000000001,4.5,2.12
-0.07976,4.7,2.2
-0.07968,4.5,2.12
-0.0796,4.7,2.2
-0.07952000000000001,4.5,2.2
-0.07944,4.7,2.2800000000000002
-0.07936,4.7,2.2800000000000002
-0.07928,4.7,2.2800000000000002
-0.0792,4.7,2.2800000000000002
-0.07912,4.7,2.2800000000000002
-0.07904,4.9,2.2800000000000002
-0.07896,4.7,2.2800000000000002
-0.07888,4.9,2.2800000000000002
-0.0788,4.7,2.2800000000000002
-0.07872,4.7,2.2800000000000002
-0.07864,4.9,2.2800000000000002
-0.07856,4.9,2.2800000000000002
-0.07848000000000001,4.9,2.2800000000000002
-0.0784,4.9,2.2
-0.07832,4.9,2.2800000000000002
-0.07824,4.9,2.2800000000000002
-0.07816000000000001,4.9,2.2
-0.07808,4.9,2.2
-0.078,5.1000000000000005,2.2
-0.07792,4.9,2.12
-0.07784,4.9,2.2
-0.07776,4.9,2.12
-0.07768,4.9,2.12
-0.0776,4.9,2.12
-0.07752,4.9,2.04
-0.07744,4.9,2.12
-0.07736,4.9,2.04
-0.07728,4.9,2.04
-0.0772,4.9,2.04
-0.07712000000000001,4.9,1.96
-0.07704,4.9,1.8800000000000001
-0.07696,4.9,1.96
-0.07688,4.9,1.96
-0.07680000000000001,4.9,1.8800000000000001
-0.07672,4.9,1.8800000000000001
-0.07664,4.9,1.8
-0.07656,4.7,1.8
-0.07648,4.7,1.72
-0.0764,4.7,1.6400000000000001
-0.07632,4.7,1.6400000000000001
-0.07624,4.7,1.6400000000000001
-0.07616,4.7,1.56
-0.07608,4.7,1.56
-0.076,4.7,1.48
-0.07592,4.5,1.48
-0.07584,4.5,1.4000000000000001
-0.07576,4.5,1.4000000000000001
-0.07568,4.5,1.4000000000000001
-0.0756,4.5,1.32
-0.07552,4.5,1.32
-0.07544000000000001,4.3,1.24
-0.07536,4.3,1.16
-0.07528,4.3,1.16
-0.0752,4.3,1.08
-0.07512,4.3,1.08
-0.07504,4.1000000000000005,1.0
-0.07496,4.1000000000000005,0.92
-0.07488,4.3,0.92
-0.0748,4.1000000000000005,0.84
-0.07472,4.1000000000000005,0.76
-0.07464,3.9000000000000004,0.76
-0.07456,3.9000000000000004,0.68
-0.07448,3.9000000000000004,0.6
-0.0744,3.9000000000000004,0.6
-0.07432,3.9000000000000004,0.52
-0.07424,3.7,0.44
-0.07416,3.7,0.44
-0.07408000000000001,3.7,0.36
-0.074,3.5,0.36
-0.07392,3.5,0.28
-0.07384,3.5,0.2
-0.07376,3.3000000000000003,0.12
-0.07368,3.3000000000000003,0.12
-0.0736,3.3000000000000003,0.04
-0.07352,3.3000000000000003,0.04
-0.07344,3.3000000000000003,-0.04
-0.07336,3.1,-0.12
-0.07328,3.1,-0.2
-0.0732,3.1,-0.2
-0.07312,2.9000000000000004,-0.28
-0.07304,2.9000000000000004,-0.28
-0.07296,2.9000000000000004,-0.36
-0.07288,2.9000000000000004,-0.44
-0.0728,2.7,-0.44
-0.07272,2.7,-0.52
-0.07264,2.7,-0.6
-0.07256,2.7,-0.6
-0.07248,2.5,-0.76
-0.0724,2.3000000000000003,-0.76
-0.07232,2.5,-0.76
-0.07224,2.3000000000000003,-0.84
-0.07216,2.1,-0.84
-0.07208,2.3000000000000003,-0.92
-0.07200000000000001,2.3000000000000003,-1.0
-0.07192,2.1,-1.0
-0.07184,2.1,-1.08
-0.07176,1.9000000000000001,-1.16
-0.07168,2.1,-1.08
-0.0716,1.9000000000000001,-1.16
-0.07152,1.9000000000000001,-1.32
-0.07144,1.7000000000000002,-1.24
-0.07136,1.7000000000000002,-1.4000000000000001
-0.07128,1.7000000000000002,-1.4000000000000001
-0.0712,1.7000000000000002,-1.4000000000000001
-0.07112,1.5,-1.48
-0.07104,1.5,-1.48
-0.07096,1.5,-1.56
-0.07088,1.5,-1.56
-0.0708,1.3,-1.56
-0.07072,1.5,-1.6400000000000001
-0.07064000000000001,1.1,-1.72
-0.07056,1.1,-1.72
-0.07048,1.3,-1.72
-0.0704,1.1,-1.8
-0.07032,1.1,-1.8
-0.07024,0.9,-1.8
-0.07016,0.9,-1.8800000000000001
-0.07008,0.9,-1.8800000000000001
-0.07,0.9,-1.96
-0.06992,0.9,-1.96
-0.06984,0.7000000000000001,-1.96
-0.06976,0.7000000000000001,-1.96
-0.06968,0.7000000000000001,-2.04
-0.0696,0.9,-2.04
-0.06952,0.5,-2.12
-0.06944,0.7000000000000001,-2.04
-0.06936,0.5,-2.04
-0.06928000000000001,0.7000000000000001,-2.12
-0.0692,0.7000000000000001,-2.12
-0.06912,0.5,-2.12
-0.06904,0.5,-2.12
-0.06896,0.30000000000000004,-2.12
-0.06888,0.30000000000000004,-2.2
-0.0688,0.30000000000000004,-2.2
-0.06872,0.30000000000000004,-2.2
-0.06864,0.30000000000000004,-2.2
-0.06856,0.30000000000000004,-2.2
-0.06848,0.30000000000000004,-2.2
-0.0684,0.30000000000000004,-2.2
-0.06832,0.30000000000000004,-2.2
-0.06824,0.30000000000000004,-2.2
-0.06816,0.30000000000000004,-2.2
-0.06808,0.1,-2.2
-0.068,0.1,-2.2
-0.06792000000000001,0.1,-2.2
-0.06784,0.1,-2.2
-0.06776,0.1,-2.12
-0.06768,0.1,-2.12
-0.0676,0.1,-2.12
-0.06752,0.1,-2.12
-0.06744,0.1,-2.12
-0.06736,0.1,-2.04
-0.06728,0.1,-2.04
-0.0672,0.1,-2.04
-0.06712,0.1,-2.04
-0.06704,0.1,-2.04
-0.06696,0.1,-1.96
-0.06688,0.30000000000000004,-2.04
-0.0668,0.1,-1.96
-0.06672,0.1,-1.96
-0.06664,0.1,-1.96
-0.06656000000000001,0.1,-1.8800000000000001
-0.06648,0.1,-1.8800000000000001
-0.0664,0.30000000000000004,-1.8
-0.06632,0.30000000000000004,-1.8
-0.06624,0.30000000000000004,-1.72
-0.06616,0.30000000000000004,-1.72
-0.06608,0.30000000000000004,-1.72
-0.066,0.5,-1.6400000000000001
-0.06592,0.30000000000000004,-1.6400000000000001
-0.06584,0.30000000000000004,-1.56
-0.06576,0.30000000000000004,-1.56
-0.06568,0.5,-1.48
-0.0656,0.5,-1.56
-0.06552,0.5,-1.48
-0.06544,0.7000000000000001,-1.4000000000000001
-0.06536,0.5,-1.32
-0.06528,0.7000000000000001,-1.32
-0.06520000000000001,0.7000000000000001,-1.32
-0.06512,0.7000000000000001,-1.16
-0.06504,0.7000000000000001,-1.16
-0.06496,0.7000000000000001,-1.08
-0.06488,0.7000000000000001,-1.08
-0.0648,0.7000000000000001,-1.0
-0.06472,0.9,-1.0
-0.06464,0.9,-0.92
-0.06456,0.9,-0.92
-0.06448,0.9,-0.84
-0.0644,1.1,-0.76
-0.06432,0.9,-0.76
-0.06424,1.1,-0.68
-0.06416,1.3,-0.68
-0.06408,1.3,-0.52
-0.064,1.3,-0.52
-0.06392,1.3,-0.44
-0.06384000000000001,1.3,-0.44
-0.06376,1.3,-0.36
-0.06368,1.5,-0.36
-0.0636,1.5,-0.28
-0.06352,1.5,-0.2
-0.06344,1.7000000000000002,-0.2
-0.06336,1.7000000000000002,-0.12
-0.06328,1.7000000000000002,-0.04
-0.0632,1.7000000000000002,-0.04
-0.06312,1.9000000000000001,0.04
-0.06304,1.9000000000000001,0.12
-0.06296,1.9000000000000001,0.12
-0.06288,2.1,0.2
-0.0628,2.1,0.28
-0.06272,2.1,0.28
-0.06264,2.1,0.36
-0.06256,2.1,0.44
-0.06248,2.3000000000000003,0.44
-0.0624,2.5,0.52
-0.06232,2.3000000000000003,0.52
-0.062240000000000004,2.3000000000000003,0.6
-0.06216,2.7,0.68
-0.062079999999999996,2.5,0.76
-0.062,2.7,0.76
-0.06192,2.7,0.84
-0.06184,2.7,0.92
-0.061759999999999995,2.9000000000000004,0.92
-0.06168,2.9000000000000004,1.0
-0.0616,2.9000000000000004,1.0
-0.061520000000000005,3.1,1.08
-0.06144,3.1,1.08
-0.06136,3.3000000000000003,1.16
-0.06128,3.1,1.24
-0.061200000000000004,3.1,1.32
-0.06112,3.3000000000000003,1.32
-0.06104,3.3000000000000003,1.32
-0.06096,3.5,1.4000000000000001
-0.060880000000000004,3.5,1.4000000000000001
-0.0608,3.5,1.48
-0.060719999999999996,3.5,1.56
-0.06064,3.5,1.56
-0.06056,3.7,1.6400000000000001
-0.06048,3.7,1.6400000000000001
-0.060399999999999995,3.7,1.6400000000000001
-0.06032,3.9000000000000004,1.72
-0.06024,3.9000000000000004,1.72
-0.060160000000000005,3.9000000000000004,1.72
-0.06008,4.1000000000000005,1.8
-0.06,4.1000000000000005,1.8800000000000001
-0.05992,3.9000000000000004,1.8800000000000001
-0.059840000000000004,4.1000000000000005,1.8800000000000001
-0.05976,4.1000000000000005,1.96
-0.05968,4.1000000000000005,1.96
-0.0596,4.3,1.96
-0.05952,4.3,2.04
-0.05944,4.3,1.96
-0.059359999999999996,4.3,2.04
-0.05928,4.3,2.04
-0.0592,4.3,2.12
-0.05912,4.5,2.12
-0.059039999999999995,4.5,2.12
-0.05896,4.5,2.2
-0.05888,4.5,2.2
-0.058800000000000005,4.5,2.2
-0.05872,4.5,2.2
-0.05864,4.5,2.2
-0.05856,4.7,2.2
-0.058480000000000004,4.7,2.2
-0.0584,4.7,2.2800000000000002
-0.05832,4.7,2.2800000000000002
-0.05824,4.7,2.2800000000000002
-0.05816,4.7,2.2800000000000002
-0.05808,4.9,2.2800000000000002
-0.057999999999999996,4.9,2.2800000000000002
-0.05792,4.9,2.2800000000000002
-0.05784,4.9,2.2800000000000002
-0.05776,4.9,2.2800000000000002
-0.057679999999999995,4.9,2.2800000000000002
-0.0576,4.9,2.2800000000000002
-0.05752,4.9,2.2800000000000002
-0.057440000000000005,4.9,2.2
-0.05736,4.9,2.2
-0.05728,4.9,2.2
-0.0572,4.9,2.2
-0.057120000000000004,4.9,2.2
-0.05704,4.9,2.12
-0.05696,4.9,2.2
-0.05688,4.9,2.12
-0.0568,4.9,2.12
-0.05672,5.1000000000000005,2.12
-0.056639999999999996,5.1000000000000005,2.12
-0.05656,4.9,2.04
-0.05648,4.9,2.04
-0.0564,4.9,1.96
-0.056319999999999995,4.9,2.04
-0.05624,4.9,1.96
-0.05616,4.9,1.8800000000000001
-0.056080000000000005,4.9,1.8800000000000001
-0.056,4.9,1.8800000000000001
-0.05592,4.9,1.8800000000000001
-0.05584,4.7,1.8800000000000001
-0.055760000000000004,4.7,1.8
-0.05568,5.1000000000000005,1.8
-0.0556,4.7,1.72
-0.05552,4.7,1.72
-0.05544,4.7,1.56
-0.05536,4.7,1.6400000000000001
-0.055279999999999996,4.7,1.6400000000000001
-0.0552,4.7,1.56
-0.05512,4.5,1.56
-0.05504,4.5,1.48
-0.054959999999999995,4.5,1.4000000000000001
-0.05488,4.5,1.4000000000000001
-0.0548,4.5,1.4000000000000001
-0.054720000000000005,4.5,1.32
-0.05464,4.5,1.24
-0.05456,4.3,1.24
-0.05448,4.3,1.16
-0.054400000000000004,4.3,1.16
-0.05432,4.3,1.08
-0.05424,4.3,1.0
-0.05416,4.1000000000000005,1.0
-0.05408,4.1000000000000005,0.92
-0.054,4.1000000000000005,0.92
-0.053919999999999996,4.1000000000000005,0.84
-0.05384,4.1000000000000005,0.76
-0.05376,3.9000000000000004,0.68
-0.05368,3.9000000000000004,0.68
-0.053599999999999995,3.9000000000000004,0.6
-0.05352,3.9000000000000004,0.52
-0.05344,3.7,0.52
-0.053360000000000005,3.7,0.52
-0.05328,3.7,0.44
-0.0532,3.7,0.36
-0.05312,3.5,0.28
-0.053040000000000004,3.7,0.28
-0.05296,3.5,0.2
-0.052879999999999996,3.5,0.12
-0.0528,3.5,0.12
-0.05272,3.3000000000000003,0.04
-0.05264,3.3000000000000003,0.04
-0.052559999999999996,3.1,-0.04
-0.05248,3.1,-0.12
-0.0524,3.1,-0.12
-0.05232,3.1,-0.2
-0.052239999999999995,2.9000000000000004,-0.28
-0.05216,3.1,-0.36
-0.05208,2.9000000000000004,-0.36
-0.052000000000000005,2.7,-0.44
-0.05192,2.7,-0.44
-0.05184,2.7,-0.52
-0.05176,2.5,-0.6
-0.051680000000000004,2.5,-0.6
-0.0516,2.5,-0.68
-0.051519999999999996,2.5,-0.76
-0.05144,2.3000000000000003,-0.76
-0.05136,2.5,-0.84
-0.05128,2.3000000000000003,-0.92
-0.051199999999999996,2.1,-1.0
-0.05112,2.3000000000000003,-1.0
-0.05104,2.1,-1.0
-0.05096,1.9000000000000001,-1.08
-0.050879999999999995,1.9000000000000001,-1.16
-0.0508,1.9000000000000001,-1.16
-0.05072,1.9000000000000001,-1.24
-0.050640000000000004,1.7000000000000002,-1.24
-0.05056,1.7000000000000002,-1.32
-0.05048,1.7000000000000002,-1.32
-0.0504,1.5,-1.4000000000000001
-0.050320000000000004,1.5,-1.4000000000000001
-0.05024,1.5,-1.48
-0.050159999999999996,1.5,-1.56
-0.05008,1.5,-1.56
-0.05,1.3,-1.6400000000000001
-0.04992,1.3,-1.6400000000000001
-0.049839999999999995,1.3,-1.72
-0.04976,1.3,-1.6400000000000001
-0.04968,1.3,-1.72
-0.0496,1.1,-1.8
-0.049519999999999995,1.1,-1.8
-0.04944,1.1,-1.8
-0.04936,1.1,-1.8800000000000001
-0.04928,0.9,-1.8800000000000001
-0.0492,1.1,-1.8800000000000001
-0.04912,0.9,-1.96
-0.04904,0.9,-1.96
-0.048960000000000004,0.7000000000000001,-2.04
-0.04888,0.7000000000000001,-1.96
-0.048799999999999996,0.7000000000000001,-2.04
-0.04872,0.7000000000000001,-2.04
-0.048639999999999996,0.7000000000000001,-2.04
-0.04856,0.7000000000000001,-2.12
-0.04848,0.5,-2.12
-0.0484,0.5,-2.12
-0.04832,0.5,-2.12
-0.04824,0.5,-2.12
-0.04816,0.30000000000000004,-2.12
-0.04808,0.5,-2.2
-0.048,0.30000000000000004,-2.12
-0.04792,0.30000000000000004,-2.2
-0.04784,0.30000000000000004,-2.2
-0.04776,0.5,-2.2
-0.04768,0.30000000000000004,-2.2
-0.047599999999999996,0.30000000000000004,-2.2
-0.04752,0.5,-2.2
-0.047439999999999996,0.30000000000000004,-2.2
-0.04736,0.30000000000000004,-2.2
-0.047279999999999996,0.1,-2.2
-0.0472,0.30000000000000004,-2.2
-0.04712,0.1,-2.12
-0.04704,0.1,-2.2
-0.04696,0.1,-2.12
-0.04688,0.1,-2.2
-0.0468,0.1,-2.12
-0.04672,0.1,-2.12
-0.04664,0.1,-2.12
-0.04656,0.1,-2.12
-0.04648,0.1,-2.12
-0.0464,0.1,-2.04
-0.04632,0.1,-2.04
-0.046239999999999996,0.1,-2.04
-0.04616,0.30000000000000004,-2.04
-0.046079999999999996,0.1,-1.96
-0.046,0.30000000000000004,-1.96
-0.045919999999999996,0.1,-1.96
-0.04584,0.1,-1.8800000000000001
-0.04576,0.1,-1.8800000000000001
-0.04568,0.1,-1.8800000000000001
-0.0456,0.30000000000000004,-1.8
-0.04552,0.30000000000000004,-1.8
-0.04544,0.30000000000000004,-1.8
-0.04536,0.5,-1.72
-0.04528,0.30000000000000004,-1.72
-0.0452,0.30000000000000004,-1.72
-0.04512,0.5,-1.6400000000000001
-0.04504,0.30000000000000004,-1.6400000000000001
-0.04496,0.30000000000000004,-1.6400000000000001
-0.044879999999999996,0.5,-1.56
-0.0448,0.30000000000000004,-1.48
-0.044719999999999996,0.5,-1.48
-0.04464,0.5,-1.4000000000000001
-0.044559999999999995,0.5,-1.4000000000000001
-0.04448,0.5,-1.32
-0.0444,0.5,-1.24
-0.04432,0.5,-1.24
-0.04424,0.7000000000000001,-1.16
-0.04416,0.7000000000000001,-1.16
-0.04408,0.7000000000000001,-1.08
-0.044,0.7000000000000001,-1.08
-0.04392,0.9,-1.0
-0.04384,0.9,-1.0
-0.04376,0.9,-0.92
-0.04368,0.9,-0.84
-0.0436,0.9,-0.84
-0.043519999999999996,0.9,-0.76
-0.04344,1.1,-0.76
-0.043359999999999996,1.1,-0.68
-0.04328,1.1,-0.6
-0.043199999999999995,1.3,-0.6
-0.04312,1.3,-0.52
-0.04304,1.3,-0.52
-0.04296,1.3,-0.44
-0.04288,1.5,-0.36
-0.0428,1.3,-0.28
-0.04272,1.5,-0.28
-0.04264,1.7000000000000002,-0.2
-0.04256,1.7000000000000002,-0.12
-0.04248,1.7000000000000002,-0.12
-0.0424,1.7000000000000002,-0.04
-0.042319999999999997,1.7000000000000002,0.04
-0.04224,1.9000000000000001,0.04
-0.042159999999999996,2.1,0.12
-0.04208,1.9000000000000001,0.12
-0.041999999999999996,2.1,0.2
-0.04192,2.1,0.28
-0.041839999999999995,2.1,0.28
-0.04176,2.3000000000000003,0.36
-0.04168,2.3000000000000003,0.44
-0.0416,2.3000000000000003,0.52
-0.04152,2.3000000000000003,0.52
-0.04144,2.5,0.6
-0.04136,2.5,0.6
-0.04128,2.5,0.6
-0.0412,2.5,0.68
-0.04112,2.7,0.84
-0.04104,2.7,0.84
-0.040959999999999996,2.7,0.92
-0.04088,2.9000000000000004,0.92
-0.040799999999999996,2.9000000000000004,1.0
-0.04072,2.9000000000000004,1.0
-0.040639999999999996,3.1,1.08
-0.04056,3.1,1.08
-0.040479999999999995,3.1,1.16
-0.0404,3.3000000000000003,1.16
-0.04032,3.3000000000000003,1.24
-0.04024,3.3000000000000003,1.32
-0.04016,3.3000000000000003,1.32
-0.04008,3.3000000000000003,1.4000000000000001
-0.04,3.5,1.48
-0.03992,3.7,1.48
-0.03984,3.5,1.48
-0.03976,3.5,1.48
-0.03968,3.7,1.56
-0.039599999999999996,3.7,1.6400000000000001
-0.03952,3.7,1.6400000000000001
-0.039439999999999996,3.9000000000000004,1.72
-0.03936,3.9000000000000004,1.72
-0.039279999999999995,3.9000000000000004,1.8
-0.0392,3.9000000000000004,1.8
-0.039119999999999995,4.1000000000000005,1.8800000000000001
-0.03904,4.1000000000000005,1.8800000000000001
-0.03896,4.1000000000000005,1.8800000000000001
-0.03888,4.3,1.96
-0.0388,4.3,1.96
-0.03872,4.3,1.96
-0.03864,4.3,2.04
-0.03856,4.3,2.04
-0.03848,4.3,2.04
-0.0384,4.5,2.04
-0.03832,4.5,2.12
-0.038239999999999996,4.5,2.12
-0.03816,4.5,2.12
-0.038079999999999996,4.5,2.2
-0.038,4.5,2.2
-0.037919999999999995,4.5,2.2
-0.03784,4.5,2.12
-0.037759999999999995,4.9,2.2
-0.03768,4.7,2.2
-0.0376,4.7,2.2800000000000002
-0.03752,4.7,2.2
-0.03744,4.7,2.2800000000000002
-0.03736,4.7,2.2
-0.03728,4.9,2.2800000000000002
-0.0372,4.9,2.2800000000000002
-0.03712,4.9,2.2
-0.03704,4.9,2.2800000000000002
-0.03696,4.9,2.2800000000000002
-0.036879999999999996,4.9,2.2
-0.0368,4.9,2.2800000000000002
-0.036719999999999996,5.1000000000000005,2.2800000000000002
-0.03664,4.9,2.2800000000000002
-0.036559999999999995,5.1000000000000005,2.2800000000000002
-0.03648,4.9,2.2800000000000002
-0.036399999999999995,4.9,2.2
-0.03632,4.9,2.2800000000000002
-0.03624,4.9,2.2
-0.03616,5.1000000000000005,2.2
-0.03608,4.9,2.2
-0.036,5.1000000000000005,2.12
-0.03592,4.9,2.12
-0.03584,4.9,2.12
-0.03576,4.9,2.12
-0.035679999999999996,4.9,2.04
-0.0356,4.9,2.04
-0.035519999999999996,4.9,2.04
-0.03544,4.9,2.04
-0.035359999999999996,4.9,1.96
-0.03528,4.9,1.96
-0.035199999999999995,4.9,1.96
-0.03512,4.9,1.8800000000000001
-0.035039999999999995,4.9,1.8800000000000001
-0.03496,4.7,1.8
-0.03488,4.9,1.8
-0.0348,4.9,1.8
-0.03472,4.7,1.72
-0.03464,4.7,1.72
-0.03456,4.7,1.6400000000000001
-0.03448,4.7,1.6400000000000001
-0.0344,4.7,1.6400000000000001
-0.034319999999999996,4.7,1.56
-0.03424,4.5,1.56
-0.034159999999999996,4.5,1.48
-0.03408,4.5,1.4000000000000001
-0.033999999999999996,4.5,1.4000000000000001
-0.03392,4.5,1.32
-0.033839999999999995,4.5,1.32
-0.03376,4.5,1.24
-0.033679999999999995,4.5,1.24
-0.0336,4.3,1.16
-0.03352,4.3,1.08
-0.03344,4.3,1.08
-0.03336,4.3,1.0
-0.03328,4.1000000000000005,1.0
-0.0332,4.1000000000000005,0.92
-0.03312,4.1000000000000005,0.84
-0.03304,4.3,0.76
-0.032959999999999996,4.1000000000000005,0.76
-0.03288,4.1000000000000005,0.68
-0.032799999999999996,3.9000000000000004,0.68
-0.03272,3.9000000000000004,0.6
-0.032639999999999995,3.9000000000000004,0.6
-0.03256,3.7,0.52
-0.032479999999999995,3.7,0.44
-0.0324,3.7,0.36
-0.032319999999999995,3.5,0.36
-0.03224,3.5,0.36
-0.03216,3.5,0.28
-0.03208,3.5,0.2
-0.032,3.5,0.12
-0.03192,3.5,0.04
-0.03184,3.5,0.04
-0.03176,3.3000000000000003,0.04
-0.03168,3.3000000000000003,-0.04
-0.031599999999999996,3.3000000000000003,-0.12
-0.03152,3.1,-0.2
-0.031439999999999996,3.1,-0.28
-0.03136,2.9000000000000004,-0.28
-0.031279999999999995,2.9000000000000004,-0.36
-0.0312,2.9000000000000004,-0.36
-0.031119999999999995,2.7,-0.44
-0.031039999999999998,2.7,-0.44
-0.030959999999999994,2.7,-0.52
-0.030879999999999998,2.7,-0.6
-0.0308,2.5,-0.6
-0.030719999999999997,2.5,-0.68
-0.03064,2.5,-0.68
-0.030559999999999997,2.3000000000000003,-0.76
-0.03048,2.3000000000000003,-0.84
-0.030399999999999996,2.3000000000000003,-0.92
-0.03032,2.3000000000000003,-0.92
-0.030239999999999996,2.1,-1.0
-0.03016,2.1,-1.08
-0.030079999999999996,2.1,-1.08
-0.03,1.9000000000000001,-1.08
-0.029919999999999995,1.9000000000000001,-1.16
-0.02984,1.9000000000000001,-1.16
-0.029759999999999995,1.9000000000000001,-1.24
-0.029679999999999998,1.7000000000000002,-1.32
-0.029599999999999994,1.7000000000000002,-1.4000000000000001
-0.029519999999999998,1.7000000000000002,-1.4000000000000001
-0.02944,1.7000000000000002,-1.4000000000000001
-0.029359999999999997,1.5,-1.48
-0.02928,1.5,-1.48
-0.029199999999999997,1.5,-1.56
-0.02912,1.3,-1.56
-0.029039999999999996,1.3,-1.6400000000000001
-0.02896,1.3,-1.6400000000000001
-0.028879999999999996,1.3,-1.72
-0.0288,1.1,-1.72
-0.028719999999999996,1.3,-1.72
-0.02864,1.1,-1.8
-0.028559999999999995,1.1,-1.8
-0.02848,1.1,-1.8800000000000001
-0.028399999999999995,0.9,-1.8800000000000001
-0.028319999999999998,0.9,-1.8800000000000001
-0.028239999999999994,1.1,-1.96
-0.028159999999999998,0.7000000000000001,-1.96
-0.02808,0.9,-1.96
-0.027999999999999997,0.7000000000000001,-1.96
-0.02792,0.7000000000000001,-2.04
-0.027839999999999997,0.7000000000000001,-2.04
-0.02776,0.5,-2.04
-0.027679999999999996,0.5,-2.04
-0.0276,0.7000000000000001,-2.04
-0.027519999999999996,0.5,-2.12
-0.02744,0.5,-2.12
-0.027359999999999995,0.5,-2.12
-0.02728,0.5,-2.12
-0.027199999999999995,0.5,-2.12
-0.02712,0.30000000000000004,-2.2
-0.027039999999999995,0.5,-2.12
-0.026959999999999998,0.30000000000000004,-2.2
-0.026879999999999994,0.30000000000000004,-2.2
-0.026799999999999997,0.5,-2.12
-0.02672,0.5,-2.2800000000000002
-0.026639999999999997,0.30000000000000004,-2.2
-0.02656,0.30000000000000004,-2.12
-0.026479999999999997,0.1,-2.2
-0.0264,0.1,-2.2
-0.026319999999999996,0.1,-2.12
-0.02624,0.1,-2.2
-0.026159999999999996,0.1,-2.12
-0.02608,0.30000000000000004,-2.12
-0.025999999999999995,0.1,-2.12
-0.02592,0.1,-2.12
-0.025839999999999995,0.1,-2.12
-0.025759999999999998,0.1,-2.12
-0.025679999999999994,0.1,-2.12
-0.025599999999999998,0.1,-2.12
-0.025519999999999994,0.1,-2.04
-0.025439999999999997,0.30000000000000004,-2.04
-0.02536,0.30000000000000004,-2.04
-0.025279999999999997,0.1,-1.96
-0.0252,0.30000000000000004,-1.96
-0.025119999999999996,0.1,-1.96
-0.02504,0.1,-1.96
-0.024959999999999996,0.1,-1.96
-0.02488,0.30000000000000004,-1.96
-0.024799999999999996,0.30000000000000004,-1.8800000000000001
-0.02472,0.30000000000000004,-1.8
-0.024639999999999995,0.30000000000000004,-1.8
-0.02456,0.30000000000000004,-1.72
-0.024479999999999995,0.30000000000000004,-1.8
-0.024399999999999998,0.30000000000000004,-1.72
-0.024319999999999994,0.30000000000000004,-1.6400000000000001
-0.024239999999999998,0.30000000000000004,-1.6400000000000001
-0.024159999999999994,0.5,-1.6400000000000001
-0.024079999999999997,0.30000000000000004,-1.56
-0.024,0.5,-1.48
-0.023919999999999997,0.5,-1.48
-0.02384,0.5,-1.4000000000000001
-0.023759999999999996,0.5,-1.4000000000000001
-0.02368,0.5,-1.4000000000000001
-0.023599999999999996,0.5,-1.4000000000000001
-0.02352,0.7000000000000001,-1.32
-0.023439999999999996,0.7000000000000001,-1.24
-0.02336,0.7000000000000001,-1.24
-0.023279999999999995,0.7000000000000001,-1.16
-0.0232,0.9,-1.16
-0.023119999999999995,0.9,-1.08
-0.023039999999999998,0.7000000000000001,-1.0
-0.022959999999999994,0.9,-1.0
-0.022879999999999998,0.9,-0.84
-0.022799999999999994,1.1,-0.84
-0.022719999999999997,0.9,-0.84
-0.02264,1.3,-0.76
-0.022559999999999997,1.1,-0.76
-0.02248,1.1,-0.68
-0.022399999999999996,1.3,-0.6
-0.02232,1.3,-0.52
-0.022239999999999996,1.5,-0.52
-0.02216,1.3,-0.44
-0.022079999999999995,1.5,-0.44
-0.022,1.5,-0.36
-0.021919999999999995,1.5,-0.36
-0.02184,1.5,-0.28
-0.021759999999999995,1.5,-0.2
-0.021679999999999998,1.7000000000000002,-0.12
-0.021599999999999994,1.7000000000000002,-0.04
-0.021519999999999997,1.7000000000000002,-0.04
-0.021439999999999994,1.7000000000000002,0.04
-0.021359999999999997,1.9000000000000001,0.04
-0.02128,1.9000000000000001,0.04
-0.021199999999999997,2.1,0.2
-0.02112,2.1,0.2
-0.021039999999999996,2.1,0.28
-0.02096,2.3000000000000003,0.36
-0.020879999999999996,2.3000000000000003,0.36
-0.0208,2.3000000000000003,0.44
-0.020719999999999995,2.5,0.44
-0.02064,2.3000000000000003,0.52
-0.020559999999999995,2.5,0.6
-0.020479999999999998,2.5,0.6
-0.020399999999999995,2.7,0.76
-0.020319999999999998,2.5,0.76
-0.020239999999999994,2.7,0.84
-0.020159999999999997,2.7,0.84
-0.020079999999999994,2.7,0.92
-0.019999999999999997,2.9000000000000004,0.92
-0.01992,2.9000000000000004,1.0
-0.019839999999999997,2.9000000000000004,1.08
-0.01976,3.1,1.08
-0.019679999999999996,3.1,1.08
-0.0196,3.1,1.16
-0.019519999999999996,3.1,1.16
-0.01944,3.3000000000000003,1.32
-0.019359999999999995,3.3000000000000003,1.32
-0.01928,3.3000000000000003,1.4000000000000001
-0.019199999999999995,3.5,1.4000000000000001
-0.019119999999999998,3.5,1.48
-0.019039999999999994,3.5,1.48
-0.018959999999999998,3.5,1.48
-0.018879999999999994,3.7,1.56
-0.018799999999999997,3.7,1.6400000000000001
-0.018719999999999994,3.7,1.56
-0.018639999999999997,3.7,1.72
-0.018559999999999993,3.9000000000000004,1.8
-0.018479999999999996,3.9000000000000004,1.72
-0.0184,3.9000000000000004,1.8
-0.018319999999999996,3.9000000000000004,1.8
-0.01824,4.1000000000000005,1.8800000000000001
-0.018159999999999996,4.3,1.8800000000000001
-0.01808,4.1000000000000005,1.8800000000000001
-0.017999999999999995,4.1000000000000005,1.96
-0.01792,4.3,1.96
-0.017839999999999995,4.3,1.96
-0.017759999999999998,4.3,2.04
-0.017679999999999994,4.5,2.04
-0.017599999999999998,4.5,2.04
-0.017519999999999994,4.3,2.12
-0.017439999999999997,4.3,2.04
-0.01736,4.5,2.12
-0.01727999999999999,4.5,2.2
-0.017199999999999993,4.5,2.2
-0.017119999999999996,4.5,2.12
-0.01704,4.7,2.12
-0.016960000000000003,4.7,2.2
-0.016879999999999992,4.7,2.2800000000000002
-0.016799999999999995,4.7,2.2800000000000002
-0.01672,4.7,2.2
-0.016640000000000002,4.7,2.2800000000000002
-0.01655999999999999,4.7,2.2800000000000002
-0.016479999999999995,4.9,2.2800000000000002
-0.016399999999999998,4.9,2.2800000000000002
-0.01632,4.9,2.2800000000000002
-0.01623999999999999,4.9,2.2
-0.016159999999999994,4.9,2.2800000000000002
-0.016079999999999997,4.9,2.2800000000000002
-0.016,4.9,2.2800000000000002
-0.01591999999999999,4.9,2.2
-0.015839999999999993,4.9,2.2800000000000002
-0.015759999999999996,4.9,2.2800000000000002
-0.01568,5.1000000000000005,2.2
-0.015600000000000003,4.9,2.2800000000000002
-0.015519999999999992,4.9,2.2
-0.015439999999999995,4.9,2.2
-0.015359999999999999,4.9,2.2
-0.015280000000000002,4.9,2.2
-0.015199999999999991,4.9,2.2
-0.015119999999999995,5.1000000000000005,2.2
-0.015039999999999998,4.9,2.12
-0.014960000000000001,4.9,2.12
-0.01487999999999999,4.9,2.12
-0.014799999999999994,4.9,2.04
-0.014719999999999997,4.9,2.04
-0.01464,4.9,2.04
-0.01455999999999999,4.9,2.04
-0.014479999999999993,4.9,1.96
-0.014399999999999996,4.9,1.8800000000000001
-0.01432,4.9,1.96
-0.014240000000000003,4.9,1.8800000000000001
-0.014159999999999992,4.9,1.8800000000000001
-0.014079999999999995,4.9,1.8
-0.013999999999999999,4.7,1.8
-0.013920000000000002,4.7,1.72
-0.013839999999999991,4.7,1.72
-0.013759999999999994,4.9,1.72
-0.013679999999999998,4.9,1.6400000000000001
-0.013600000000000001,4.7,1.56
-0.01351999999999999,4.5,1.56
-0.013439999999999994,4.5,1.56
-0.013359999999999997,4.7,1.48
-0.01328,4.5,1.48
-0.01319999999999999,4.5,1.4000000000000001
-0.013119999999999993,4.5,1.4000000000000001
-0.013039999999999996,4.5,1.32
-0.01296,4.5,1.32
-0.012880000000000003,4.3,1.24
-0.012799999999999992,4.3,1.24
-0.012719999999999995,4.3,1.08
-0.012639999999999998,4.3,1.16
-0.012560000000000002,4.3,1.0
-0.012479999999999991,4.3,1.0
-0.012399999999999994,4.1000000000000005,1.0
-0.012319999999999998,4.1000000000000005,0.84
-0.012240000000000001,4.1000000000000005,0.84
-0.01215999999999999,4.1000000000000005,0.76
-0.012079999999999994,4.1000000000000005,0.76
-0.011999999999999997,3.9000000000000004,0.68
-0.01192,3.9000000000000004,0.68
-0.01183999999999999,3.9000000000000004,0.6
-0.011759999999999993,3.7,0.6
-0.011679999999999996,3.7,0.52
-0.0116,3.7,0.44
-0.011520000000000002,3.7,0.44
-0.011439999999999992,3.7,0.36
-0.011359999999999995,3.5,0.28
-0.011279999999999998,3.5,0.28
-0.011200000000000002,3.5,0.2
-0.011119999999999991,3.5,0.12
-0.011039999999999994,3.5,0.04
-0.010959999999999998,3.3000000000000003,0.04
-0.01088,3.3000000000000003,-0.04
-0.01079999999999999,3.3000000000000003,-0.04
-0.010719999999999993,3.1,-0.2
-0.010639999999999997,3.1,-0.2
-0.01056,3.1,-0.28
-0.01047999999999999,2.9000000000000004,-0.28
-0.010399999999999993,2.9000000000000004,-0.36
-0.010319999999999996,2.9000000000000004,-0.36
-0.010239999999999999,2.9000000000000004,-0.44
-0.010160000000000002,2.7,-0.44
-0.010079999999999992,2.7,-0.52
-0.009999999999999995,2.7,-0.6
-0.009919999999999998,2.5,-0.68
-0.009840000000000002,2.5,-0.68
-0.009759999999999991,2.5,-0.76
-0.009679999999999994,2.3000000000000003,-0.76
-0.009599999999999997,2.3000000000000003,-0.92
-0.00952,2.1,-0.84
-0.00943999999999999,2.1,-0.92
-0.009359999999999993,2.1,-1.0
-0.009279999999999997,2.1,-1.0
-0.0092,2.1,-1.08
-0.00911999999999999,1.9000000000000001,-1.16
-0.009039999999999992,1.9000000000000001,-1.16
-0.008959999999999996,1.9000000000000001,-1.24
-0.008879999999999999,1.7000000000000002,-1.24
-0.008800000000000002,1.7000000000000002,-1.32
-0.008719999999999992,1.7000000000000002,-1.4000000000000001
-0.008639999999999995,1.7000000000000002,-1.4000000000000001
-0.008559999999999998,1.5,-1.4000000000000001
-0.008480000000000001,1.5,-1.48
-0.00839999999999999,1.5,-1.56
-0.008319999999999994,1.3,-1.56
-0.008239999999999997,1.3,-1.6400000000000001
-0.00816,1.3,-1.6400000000000001
-0.00807999999999999,1.3,-1.72
-0.007999999999999993,1.3,-1.72
-0.007919999999999996,1.1,-1.72
-0.00784,1.1,-1.72
-0.007759999999999989,1.1,-1.8
-0.007679999999999992,1.1,-1.8
-0.007599999999999996,0.9,-1.8800000000000001
-0.007519999999999999,0.9,-1.8800000000000001
-0.007440000000000002,0.9,-1.8800000000000001
-0.0073599999999999915,0.9,-1.96
-0.007279999999999995,0.7000000000000001,-1.96
-0.007199999999999998,0.7000000000000001,-2.04
-0.007120000000000001,0.7000000000000001,-2.04
-0.007039999999999991,0.7000000000000001,-2.04
-0.006959999999999994,0.7000000000000001,-2.04
-0.006879999999999997,0.7000000000000001,-2.04
-0.0068000000000000005,0.5,-2.04
-0.00671999999999999,0.5,-2.12
-0.006639999999999993,0.5,-2.04
-0.006559999999999996,0.5,-2.12
-0.00648,0.5,-2.12
-0.006399999999999989,0.5,-2.2
-0.006319999999999992,0.30000000000000004,-2.12
-0.0062399999999999956,0.30000000000000004,-2.2
-0.006159999999999999,0.30000000000000004,-2.2
-0.006080000000000002,0.30000000000000004,-2.12
-0.0059999999999999915,0.30000000000000004,-2.2
-0.005919999999999995,0.30000000000000004,-2.2
-0.005839999999999998,0.30000000000000004,-2.2
-0.005760000000000001,0.30000000000000004,-2.2
-0.005679999999999991,0.30000000000000004,-2.2
-0.005599999999999994,0.30000000000000004,-2.2
-0.005519999999999997,0.30000000000000004,-2.2
-0.00544,0.1,-2.2
-0.00535999999999999,0.1,-2.12
-0.005279999999999993,0.30000000000000004,-2.2
-0.005199999999999996,0.1,-2.12
-0.0051199999999999996,0.1,-2.2
-0.005039999999999989,0.1,-2.2
-0.004959999999999992,0.1,-2.12
-0.0048799999999999955,0.1,-2.12
-0.004799999999999999,0.1,-2.12
-0.004720000000000002,0.1,-2.04
-0.004639999999999991,0.1,-2.04
-0.004559999999999995,0.30000000000000004,-2.04
-0.004479999999999998,0.1,-2.04
-0.004400000000000001,0.1,-2.04
-0.0043199999999999905,0.1,-1.96
-0.004239999999999994,0.1,-1.96
-0.004159999999999997,0.1,-1.96
-0.00408,0.1,-1.8800000000000001
-0.00399999999999999,0.1,-1.8800000000000001
-0.003919999999999993,0.30000000000000004,-1.8800000000000001
-0.003839999999999996,0.1,-1.8
-0.0037599999999999995,0.1,-1.8
-0.003679999999999989,0.30000000000000004,-1.72
-0.003599999999999992,0.30000000000000004,-1.72
-0.0035199999999999954,0.30000000000000004,-1.72
-0.0034399999999999986,0.30000000000000004,-1.6400000000000001
-0.003360000000000002,0.30000000000000004,-1.6400000000000001
-0.0032799999999999913,0.5,-1.6400000000000001
-0.0031999999999999945,0.5,-1.56
-0.0031199999999999978,0.5,-1.56
-0.003040000000000001,0.5,-1.48
-0.0029599999999999904,0.5,-1.48
-0.0028799999999999937,0.7000000000000001,-1.4000000000000001
-0.002799999999999997,0.5,-1.4000000000000001
-0.00272,0.5,-1.32
-0.0026399999999999896,0.5,-1.24
-0.002559999999999993,0.5,-1.24
-0.002479999999999996,0.7000000000000001,-1.16
-0.0023999999999999994,0.7000000000000001,-1.16
-0.0023199999999999887,0.9,-1.08
-0.002239999999999992,0.9,-1.08
-0.0021599999999999953,0.9,-1.0
-0.0020799999999999985,0.9,-0.92
-0.0020000000000000018,0.9,-0.92
-0.0019199999999999912,0.9,-0.84
-0.0018399999999999944,0.9,-0.84
-0.0017599999999999977,1.1,-0.76
-0.001680000000000001,1.1,-0.68
-0.0015999999999999903,1.1,-0.68
-0.0015199999999999936,1.3,-0.6
-0.0014399999999999968,1.3,-0.52
-0.00136,1.3,-0.52
-0.0012799999999999895,1.3,-0.44
-0.0011999999999999927,1.5,-0.36
-0.001119999999999996,1.5,-0.36
-0.0010399999999999993,1.5,-0.28
-0.0009599999999999886,1.5,-0.2
-0.0008799999999999919,1.7000000000000002,-0.2
-0.0007999999999999952,1.5,-0.12
-0.0007199999999999984,1.7000000000000002,-0.12
-0.0006400000000000017,1.7000000000000002,-0.04
-0.0005599999999999911,1.9000000000000001,0.04
-0.0004799999999999943,1.9000000000000001,0.04
-0.0003999999999999976,1.9000000000000001,0.12
-0.00032000000000000084,1.9000000000000001,0.12
-0.00023999999999999022,2.1,0.2
-0.00015999999999999348,2.1,0.28
-7.999999999999674e-05,2.1,0.28
0.0,2.3000000000000003,0.36
8.000000000001062e-05,2.3000000000000003,0.44
0.00016000000000000736,2.3000000000000003,0.44
0.0002400000000000041,2.3000000000000003,0.52
0.00032000000000000084,2.5,0.6
0.00040000000000001146,2.5,0.68
0.0004800000000000082,2.7,0.68
0.0005600000000000049,2.5,0.76
0.0006400000000000017,2.7,0.84
0.0007199999999999984,2.7,0.84
0.000800000000000009,2.7,0.92
0.0008800000000000058,2.9000000000000004,0.92
0.0009600000000000025,2.9000000000000004,1.0
0.0010399999999999993,3.1,1.0
0.0011200000000000099,3.1,1.16
0.0012000000000000066,3.1,1.16
0.0012800000000000034,3.1,1.16
0.00136,3.3000000000000003,1.24
0.0014400000000000107,3.3000000000000003,1.24
0.0015200000000000075,3.3000000000000003,1.32
0.0016000000000000042,3.3000000000000003,1.32
0.001680000000000001,3.3000000000000003,1.4000000000000001
0.0017600000000000116,3.5,1.4000000000000001
0.0018400000000000083,3.5,1.48
0.001920000000000005,3.5,1.56
0.0020000000000000018,3.7,1.56
0.0020799999999999985,3.7,1.6400000000000001
0.002160000000000009,3.7,1.6400000000000001
0.002240000000000006,3.7,1.72
0.0023200000000000026,3.9000000000000004,1.72
0.0023999999999999994,3.9000000000000004,1.72
0.00248000000000001,4.1000000000000005,1.8
0.0025600000000000067,3.9000000000000004,1.8
0.0026400000000000035,4.1000000000000005,1.8800000000000001
0.00272,4.1000000000000005,1.8800000000000001
0.002800000000000011,4.1000000000000005,1.96
0.0028800000000000076,4.1000000000000005,1.96
0.0029600000000000043,4.3,1.96
0.003040000000000001,4.3,2.04
0.0031200000000000117,4.3,1.96
0.0032000000000000084,4.3,2.04
0.003280000000000005,4.3,2.04
0.003360000000000002,4.3,2.12
0.0034399999999999986,4.5,2.12
0.0035200000000000092,4.5,2.12
0.003600000000000006,4.5,2.12
0.0036800000000000027,4.7,2.2
0.0037599999999999995,4.5,2.2
0.00384000000000001,4.5,2.2
0.003920000000000007,4.7,2.2
0.0040000000000000036,4.7,2.2
0.00408,4.7,2.2
0.004160000000000011,4.7,2.2
0.004240000000000008,4.7,2.2800000000000002
0.004320000000000004,4.7,2.2800000000000002
0.004400000000000001,4.9,2.2800000000000002
0.004480000000000012,4.7,2.2
0.0045600000000000085,4.9,2.2
0.004640000000000005,4.9,2.2800000000000002
0.004720000000000002,4.9,2.2800000000000002
0.004799999999999999,4.9,2.2800000000000002
0.004880000000000009,4.9,2.2800000000000002
0.004960000000000006,4.9,2.2800000000000002
0.005040000000000003,4.9,2.2
0.0051199999999999996,4.9,2.2800000000000002
0.00520000000000001,4.9,2.2
0.005280000000000007,4.9,2.2800000000000002
0.005360000000000004,4.9,2.2
0.00544,4.9,2.2
0.005520000000000011,5.1000000000000005,2.2
0.005600000000000008,4.9,2.2
0.0056800000000000045,5.1000000000000005,2.2
0.005760000000000001,5.1000000000000005,2.12
0.005840000000000012,4.9,2.12
0.005920000000000009,4.9,2.12
0.006000000000000005,4.9,2.12
0.006080000000000002,4.9,2.04
0.006159999999999999,4.9,2.04
0.006240000000000009,4.9,1.96
0.006320000000000006,4.9,1.96
0.006400000000000003,4.9,1.96
0.00648,4.9,1.96
0.00656000000000001,4.9,1.96
0.006640000000000007,4.9,1.8800000000000001
0.006720000000000004,4.9,1.8800000000000001
0.0068000000000000005,4.7,1.8800000000000001
0.006880000000000011,4.7,1.8
0.006960000000000008,4.9,1.72
0.007040000000000005,4.9,1.72
0.007120000000000001,4.7,1.72
0.007200000000000012,4.7,1.6400000000000001
0.007280000000000009,4.7,1.56
0.007360000000000005,4.7,1.56
0.007440000000000002,4.5,1.48
0.007519999999999999,4.5,1.48
0.0076000000000000095,4.7,1.48
0.007680000000000006,4.5,1.4000000000000001
0.007760000000000003,4.5,1.32
0.00784,4.5,1.32
0.00792000000000001,4.5,1.32
0.008000000000000007,4.5,1.24
0.008080000000000004,4.3,1.16
0.00816,4.3,1.16
0.008240000000000011,4.3,1.08
0.008320000000000008,4.3,1.08
0.008400000000000005,4.1000000000000005,1.0
0.008480000000000001,4.3,0.92
0.008560000000000012,4.1000000000000005,0.92
0.008640000000000009,4.1000000000000005,0.84
0.008720000000000006,4.1000000000000005,0.84
0.008800000000000002,4.1000000000000005,0.76
0.008879999999999999,3.9000000000000004,0.68
0.00896000000000001,3.9000000000000004,0.68
0.009040000000000006,3.9000000000000004,0.6
0.009120000000000003,3.9000000000000004,0.6
0.0092,3.7,0.52
0.00928000000000001,3.7,0.44
0.009360000000000007,3.7,0.44
0.009440000000000004,3.5,0.36
0.00952,3.5,0.28
0.009600000000000011,3.5,0.2
0.009680000000000008,3.5,0.2
0.009760000000000005,3.5,0.12
0.009840000000000002,3.3000000000000003,0.04
0.009920000000000012,3.3000000000000003,0.04
0.010000000000000009,3.3000000000000003,-0.04
0.010080000000000006,3.1,-0.04
0.010160000000000002,3.1,-0.12
0.010239999999999999,3.1,-0.2
0.01032000000000001,2.9000000000000004,-0.28
0.010400000000000006,3.1,-0.36
0.010480000000000003,2.9000000000000004,-0.36
0.01056,2.7,-0.36
0.01064000000000001,2.7,-0.52
0.010720000000000007,2.7,-0.52
0.010800000000000004,2.5,-0.6
0.01088,2.5,-0.6
0.010960000000000011,2.5,-0.6
0.011040000000000008,2.5,-0.76
0.011120000000000005,2.3000000000000003,-0.76
0.011200000000000002,2.3000000000000003,-0.84
0.011280000000000012,2.3000000000000003,-0.84
0.011360000000000009,2.3000000000000003,-0.92
0.011440000000000006,2.1,-1.0
0.011520000000000002,2.1,-1.0
0.0116,2.1,-1.08
0.01168000000000001,1.9000000000000001,-1.08
0.011760000000000007,1.9000000000000001,-1.16
0.011840000000000003,1.9000000000000001,-1.24
0.01192,1.7000000000000002,-1.32
0.01200000000000001,1.7000000000000002,-1.32
0.012080000000000007,1.7000000000000002,-1.32
0.012160000000000004,1.7000000000000002,-1.4000000000000001
0.012240000000000001,1.7000000000000002,-1.4000000000000001
0.012320000000000011,1.5,-1.48
0.012400000000000008,1.5,-1.56
0.012480000000000005,1.5,-1.56
0.012560000000000002,1.3,-1.56
0.012640000000000012,1.3,-1.6400000000000001
0.012720000000000009,1.3,-1.6400000000000001
0.012800000000000006,1.3,-1.6400000000000001
0.012880000000000003,1.1,-1.72
0.01296,1.1,-1.72
0.01304000000000001,1.1,-1.8
0.013120000000000007,1.1,-1.8
0.013200000000000003,1.1,-1.8800000000000001
0.01328,0.9,-1.8800000000000001
0.01336000000000001,0.9,-1.8800000000000001
0.013440000000000007,0.9,-1.8800000000000001
0.013520000000000004,0.9,-1.96
0.013600000000000001,0.7000000000000001,-1.96
0.013680000000000012,0.7000000000000001,-1.96
0.013760000000000008,0.7000000000000001,-1.96
0.013840000000000005,0.7000000000000001,-2.04
0.013920000000000002,0.5,-2.04
0.014000000000000012,0.7000000000000001,-2.04
0.01408000000000001,0.5,-2.12
0.014160000000000006,0.5,-2.12
0.014240000000000003,0.5,-2.12
0.01432,0.5,-2.12
0.01440000000000001,0.5,-2.12
0.014480000000000007,0.30000000000000004,-2.12
0.014560000000000003,0.30000000000000004,-2.12
0.01464,0.30000000000000004,-2.2
0.01472000000000001,0.30000000000000004,-2.12
0.014800000000000008,0.30000000000000004,-2.12
0.014880000000000004,0.30000000000000004,-2.2
0.014960000000000001,0.30000000000000004,-2.2
0.015040000000000012,0.30000000000000004,-2.2
0.015120000000000008,0.30000000000000004,-2.2
0.015200000000000005,0.30000000000000004,-2.2
0.015280000000000002,0.1,-2.2
0.015360000000000013,0.30000000000000004,-2.2
0.01544000000000001,0.1,-2.2
0.015520000000000006,0.1,-2.2
0.015600000000000003,0.1,-2.12
0.01568,0.30000000000000004,-2.12
0.01576000000000001,0.1,-2.12
0.015840000000000007,0.1,-2.12
0.015920000000000004,0.1,-2.12
0.016,0.1,-2.12
0.01608000000000001,0.1,-2.12
0.016160000000000008,0.1,-2.04
0.016240000000000004,0.1,-2.04
0.01632,0.1,-2.04
0.016400000000000012,0.1,-2.04
0.01648000000000001,0.1,-1.96
0.016560000000000005,0.1,-1.96
0.016640000000000002,0.1,-1.96
0.016720000000000013,0.1,-1.96
0.01680000000000001,0.1,-1.8800000000000001
0.016880000000000006,0.1,-1.8800000000000001
0.016960000000000003,0.30000000000000004,-1.8800000000000001
0.01704,0.30000000000000004,-1.8
0.01712000000000001,0.30000000000000004,-1.8
0.017200000000000007,0.30000000000000004,-1.8
0.017280000000000004,0.30000000000000004,-1.72
0.01736,0.30000000000000004,-1.72
0.01744000000000001,0.30000000000000004,-1.72
0.017520000000000008,0.30000000000000004,-1.6400000000000001
0.017600000000000005,0.30000000000000004,-1.6400000000000001
0.01768,0.30000000000000004,-1.56
0.017760000000000012,0.5,-1.56
0.01784000000000001,0.5,-1.48
0.017920000000000005,0.5,-1.48
0.018000000000000002,0.5,-1.4000000000000001
0.018080000000000013,0.7000000000000001,-1.32
0.01816000000000001,0.5,-1.32
0.018240000000000006,0.5,-1.32
0.018320000000000003,0.5,-1.24
0.0184,0.7000000000000001,-1.16
0.01848000000000001,0.7000000000000001,-1.16
0.018560000000000007,0.7000000000000001,-1.16
0.018640000000000004,0.7000000000000001,-1.08
0.01872,0.7000000000000001,-1.0
0.01880000000000001,0.9,-0.92
0.018880000000000008,0.9,-0.92
0.018960000000000005,0.9,-0.84
0.01904,0.9,-0.84
0.019120000000000012,1.1,-0.76
0.01920000000000001,1.3,-0.68
0.019280000000000005,1.1,-0.6
0.019360000000000002,1.1,-0.6
0.019440000000000013,1.3,-0.52
0.01952000000000001,1.3,-0.44
0.019600000000000006,1.3,-0.44
0.019680000000000003,1.5,-0.36
0.01976,1.5,-0.36
0.01984000000000001,1.5,-0.28
0.019920000000000007,1.5,-0.28
0.020000000000000004,1.5,-0.2
0.02008,1.7000000000000002,-0.12
0.02016000000000001,1.7000000000000002,-0.04
0.020240000000000008,1.9000000000000001,-0.04
0.020320000000000005,1.7000000000000002,0.04
0.0204,1.9000000000000001,0.04
0.020480000000000012,1.9000000000000001,0.12
0.02056000000000001,1.9000000000000001,0.2
0.020640000000000006,2.1,0.2
0.020720000000000002,2.1,0.28
0.020800000000000013,2.1,0.36
0.02088000000000001,2.3000000000000003,0.36
0.020960000000000006,2.3000000000000003,0.44
0.021040000000000003,2.3000000000000003,0.44
0.02112,2.3000000000000003,0.52
0.02120000000000001,2.5,0.68
0.021280000000000007,2.5,0.68
0.021360000000000004,2.7,0.76
0.02144,2.5,0.76
0.02152000000000001,2.7,0.84
0.021600000000000008,2.7,0.84
0.021680000000000005,2.9000000000000004,0.84
0.02176,2.9000000000000004,1.0
0.021840000000000012,2.9000000000000004,1.0
0.02192000000000001,3.1,1.08
0.022000000000000006,3.1,1.08
0.022080000000000002,3.1,1.08
0.022160000000000013,3.1,1.24
0.02224000000000001,3.1,1.24
0.022320000000000007,3.1,1.32
0.022400000000000003,3.3000000000000003,1.32
0.02248,3.3000000000000003,1.4000000000000001
0.02256000000000001,3.5,1.4000000000000001
0.022640000000000007,3.5,1.48
0.022720000000000004,3.5,1.56
0.0228,3.7,1.56
0.02288000000000001,3.7,1.6400000000000001
0.022960000000000008,3.7,1.6400000000000001
0.023040000000000005,3.7,1.6400000000000001
0.02312,3.9000000000000004,1.6400000000000001
0.023200000000000012,3.9000000000000004,1.72
0.02328000000000001,4.1000000000000005,1.8
0.023360000000000006,3.9000000000000004,1.8
0.023440000000000003,4.1000000000000005,1.8800000000000001
0.023520000000000013,4.1000000000000005,1.8800000000000001
0.02360000000000001,4.1000000000000005,1.8800000000000001
0.023680000000000007,4.1000000000000005,1.96
0.023760000000000003,4.1000000000000005,1.96
0.02384,4.3,1.96
0.02392000000000001,4.3,2.04
0.024000000000000007,4.3,2.04
0.024080000000000004,4.3,2.04
0.02416,4.5,2.04
0.02424000000000001,4.5,2.12
0.02432000000000001,4.5,2.04
0.024400000000000005,4.7,2.12
0.024480000000000002,4.5,2.2
0.024560000000000012,4.5,2.12
0.02464000000000001,4.5,2.12
0.024720000000000006,4.5,2.2
0.024800000000000003,4.7,2.2
0.024880000000000013,4.7,2.2
0.02496000000000001,4.7,2.2
0.025040000000000007,4.7,2.2800000000000002
0.025120000000000003,4.9,2.2
0.0252,4.7,2.2800000000000002
0.02528000000000001,4.7,2.2800000000000002
0.025360000000000008,4.9,2.2800000000000002
0.025440000000000004,4.7,2.2800000000000002
0.02552,4.9,2.2800000000000002
0.02560000000000001,4.9,2.2800000000000002
0.02568000000000001,4.9,2.2800000000000002
0.025760000000000005,4.9,2.2
0.025840000000000002,5.1000000000000005,2.2800000000000002
0.025920000000000012,4.9,2.2800000000000002
0.02600000000000001,4.9,2.2800000000000002
0.026080000000000006,4.9,2.2
0.026160000000000003,4.9,2.2
0.026240000000000013,4.9,2.2
0.02632000000000001,4.9,2.2
0.026400000000000007,4.9,2.2
0.026480000000000004,4.9,2.12
0.02656,4.9,2.12
0.02664000000000001,4.9,2.12
0.026720000000000008,4.9,2.12
0.026800000000000004,4.9,2.12
0.02688,4.9,2.12
0.02696000000000001,4.9,1.96
0.02704000000000001,4.9,1.96
0.027120000000000005,4.9,2.04
0.027200000000000002,4.9,1.96
0.027280000000000013,5.1000000000000005,1.96
0.02736000000000001,4.9,1.96
0.027440000000000006,4.9,1.8800000000000001
0.027520000000000003,4.7,1.8800000000000001
0.027600000000000013,4.9,1.8800000000000001
0.02768000000000001,4.9,1.8
0.027760000000000007,4.9,1.8
0.027840000000000004,4.7,1.72
0.02792,4.7,1.72
0.02800000000000001,4.7,1.72
0.028080000000000008,4.7,1.6400000000000001
0.028160000000000004,4.7,1.56
0.02824,4.7,1.48
0.028320000000000012,4.7,1.56
0.02840000000000001,4.5,1.48
0.028480000000000005,4.5,1.48
0.028560000000000002,4.5,1.4000000000000001
0.028640000000000013,4.5,1.32
0.02872000000000001,4.5,1.32
0.028800000000000006,4.5,1.32
0.028880000000000003,4.3,1.24
0.028960000000000014,4.3,1.16
0.02904000000000001,4.3,1.16
0.029120000000000007,4.3,1.08
0.029200000000000004,4.3,1.0
0.02928,4.3,1.0
0.02936000000000001,4.1000000000000005,0.92
0.029440000000000008,4.1000000000000005,0.92
0.029520000000000005,4.1000000000000005,0.84
0.0296,4.1000000000000005,0.84
0.029680000000000012,3.9000000000000004,0.76
0.02976000000000001,3.9000000000000004,0.6
0.029840000000000005,3.9000000000000004,0.68
0.029920000000000002,3.9000000000000004,0.52
0.030000000000000013,3.7,0.52
0.03008000000000001,3.7,0.52
0.030160000000000006,3.7,0.44
0.030240000000000003,3.7,0.36
0.030320000000000014,3.5,0.28
0.03040000000000001,3.5,0.2
0.030480000000000007,3.5,0.2
0.030560000000000004,3.5,0.2
0.03064,3.3000000000000003,0.04
0.03072000000000001,3.3000000000000003,0.04
0.030800000000000008,3.3000000000000003,-0.04
0.030880000000000005,3.3000000000000003,-0.04
0.03096,3.1,-0.12
0.031040000000000012,3.1,-0.2
0.03112000000000001,2.9000000000000004,-0.2
0.031200000000000006,2.9000000000000004,-0.36
0.03128,2.9000000000000004,-0.36
0.03136000000000001,2.9000000000000004,-0.36
0.03144000000000001,2.7,-0.44
0.031520000000000006,2.7,-0.44
0.0316,2.7,-0.52
0.031680000000000014,2.7,-0.52
0.03176000000000001,2.5,-0.68
0.03184000000000001,2.5,-0.68
0.031920000000000004,2.3000000000000003,-0.68
0.032,2.3000000000000003,-0.84
0.03208000000000001,2.3000000000000003,-0.84
0.03216000000000001,2.3000000000000003,-0.92
0.032240000000000005,2.3000000000000003,-0.92
0.03232,2.1,-1.0
0.03240000000000001,2.1,-1.08
0.03248000000000001,2.1,-1.08
0.032560000000000006,1.9000000000000001,-1.08
0.03264,1.9000000000000001,-1.16
0.03272000000000001,1.9000000000000001,-1.24
0.03280000000000001,1.7000000000000002,-1.24
0.032880000000000006,1.7000000000000002,-1.32
0.03296,1.7000000000000002,-1.32
0.033040000000000014,1.7000000000000002,-1.4000000000000001
0.03312000000000001,1.5,-1.48
0.03320000000000001,1.5,-1.48
0.033280000000000004,1.5,-1.48
0.03336,1.5,-1.56
0.03344000000000001,1.5,-1.56
0.03352000000000001,1.3,-1.56
0.033600000000000005,1.3,-1.6400000000000001
0.03368,1.3,-1.72
0.03376000000000001,1.3,-1.72
0.03384000000000001,1.1,-1.72
0.033920000000000006,1.1,-1.8
0.034,1.1,-1.8
0.03408000000000001,0.9,-1.8
0.03416000000000001,0.9,-1.8800000000000001
0.03424000000000001,0.9,-1.8800000000000001
0.03432,1.1,-1.96
0.034400000000000014,0.7000000000000001,-1.96
0.03448000000000001,0.9,-1.96
0.03456000000000001,0.7000000000000001,-1.96
0.034640000000000004,0.7000000000000001,-2.04
0.03472,0.7000000000000001,-2.04
0.03480000000000001,0.7000000000000001,-2.04
0.03488000000000001,0.5,-2.04
0.034960000000000005,0.5,-2.04
0.03504,0.5,-2.12
0.03512000000000001,0.5,-2.12
0.03520000000000001,0.5,-2.12
0.035280000000000006,0.5,-2.12
0.03536,0.30000000000000004,-2.12
0.03544000000000001,0.5,-2.2
0.03552000000000001,0.30000000000000004,-2.2
0.03560000000000001,0.30000000000000004,-2.2
0.03568,0.30000000000000004,-2.2
0.035760000000000014,0.30000000000000004,-2.2
0.03584000000000001,0.30000000000000004,-2.2
0.03592000000000001,0.30000000000000004,-2.2
0.036000000000000004,0.30000000000000004,-2.2
0.03608,0.30000000000000004,-2.2
0.03616000000000001,0.1,-2.12
0.03624000000000001,0.1,-2.2
0.036320000000000005,0.30000000000000004,-2.12
0.0364,0.30000000000000004,-2.2
0.03648000000000001,0.1,-2.12
0.03656000000000001,0.1,-2.12
0.036640000000000006,0.1,-2.12
0.03672,0.1,-2.12
0.03680000000000001,0.30000000000000004,-2.12
0.03688000000000001,0.1,-2.12
0.03696000000000001,0.30000000000000004,-2.12
0.037040000000000003,0.1,-2.04
0.037120000000000014,0.1,-2.04
0.03720000000000001,0.1,-2.04
0.03728000000000001,0.1,-2.04
0.037360000000000004,0.1,-2.04
0.03744,0.1,-1.96
0.03752000000000001,0.30000000000000004,-1.96
0.03760000000000001,0.1,-1.96
0.037680000000000005,0.1,-1.8800000000000001
0.03776,0.1,-1.8800000000000001
0.03784000000000001,0.30000000000000004,-1.8
0.03792000000000001,0.1,-1.8
0.038000000000000006,0.1,-1.8
0.03808,0.30000000000000004,-1.72
0.03816000000000001,0.30000000000000004,-1.72
0.03824000000000001,0.30000000000000004,-1.72
0.03832000000000001,0.30000000000000004,-1.6400000000000001
0.038400000000000004,0.30000000000000004,-1.6400000000000001
0.038480000000000014,0.5,-1.6400000000000001
0.03856000000000001,0.30000000000000004,-1.56
0.03864000000000001,0.5,-1.48
0.038720000000000004,0.5,-1.48
0.0388,0.5,-1.4000000000000001
0.03888000000000001,0.5,-1.48
0.03896000000000001,0.5,-1.32
0.039040000000000005,0.7000000000000001,-1.32
0.03912,0.7000000000000001,-1.24
0.03920000000000001,0.7000000000000001,-1.24
0.03928000000000001,0.9,-1.24
0.039360000000000006,0.9,-1.16
0.03944,0.7000000000000001,-1.08
0.03952000000000001,0.9,-1.0
0.03960000000000001,0.9,-1.0
0.03968000000000001,1.1,-1.0
0.039760000000000004,0.9,-0.92
0.039840000000000014,0.9,-0.84
0.03992000000000001,1.1,-0.84
0.04000000000000001,0.9,-0.68
0.040080000000000005,1.3,-0.68
0.04016,1.1,-0.6
0.04024000000000001,1.1,-0.6
0.04032000000000001,1.3,-0.52
0.040400000000000005,1.3,-0.52
0.04048,1.3,-0.44
0.04056000000000001,1.5,-0.36
0.04064000000000001,1.5,-0.36
0.040720000000000006,1.5,-0.36
0.0408,1.5,-0.2
0.040880000000000014,1.5,-0.12
0.04096000000000001,1.7000000000000002,-0.12
0.04104000000000001,1.7000000000000002,-0.04
0.041120000000000004,1.7000000000000002,0.04
0.041200000000000014,1.9000000000000001,0.04
0.04128000000000001,2.1,0.04
0.04136000000000001,1.9000000000000001,0.2
0.041440000000000005,2.1,0.2
0.04152,1.9000000000000001,0.28
0.04160000000000001,2.3000000000000003,0.28
0.04168000000000001,2.1,0.36
0.041760000000000005,2.3000000000000003,0.44
0.04184,2.3000000000000003,0.44
0.04192000000000001,2.3000000000000003,0.52
0.04200000000000001,2.3000000000000003,0.6
0.042080000000000006,2.5,0.6
0.04216,2.5,0.68
0.042240000000000014,2.7,0.68
0.04232000000000001,2.7,0.76
0.04240000000000001,2.7,0.84
0.042480000000000004,2.7,0.84
0.042560000000000014,2.7,0.84
0.04264000000000001,2.9000000000000004,1.0
0.04272000000000001,2.9000000000000004,1.0
0.042800000000000005,2.9000000000000004,1.08
0.042880000000000015,3.1,1.16
0.04296000000000001,3.1,1.16
0.04304000000000001,3.1,1.16
0.043120000000000006,3.1,1.24
0.0432,3.3000000000000003,1.32
0.04328000000000001,3.3000000000000003,1.32
0.04336000000000001,3.3000000000000003,1.32
0.043440000000000006,3.5,1.4000000000000001
0.04352,3.5,1.48
0.043600000000000014,3.5,1.48
0.04368000000000001,3.5,1.56
0.04376000000000001,3.7,1.56
0.043840000000000004,3.7,1.6400000000000001
0.043920000000000015,3.7,1.6400000000000001
0.04400000000000001,3.9000000000000004,1.72
0.04408000000000001,3.9000000000000004,1.72
0.044160000000000005,3.9000000000000004,1.8
0.044240000000000015,3.9000000000000004,1.8
0.04432000000000001,3.9000000000000004,1.8
0.04440000000000001,4.1000000000000005,1.8800000000000001
0.044480000000000006,4.1000000000000005,1.8800000000000001
0.04456,4.1000000000000005,1.8800000000000001
0.04464000000000001,4.1000000000000005,1.96
0.04472000000000001,4.3,2.04
0.044800000000000006,4.3,2.04
0.04488,4.5,2.04
0.044960000000000014,4.3,2.04
0.04504000000000001,4.3,2.04
0.04512000000000001,4.5,2.12
0.045200000000000004,4.5,2.12
0.04528,4.5,2.12
0.04536,4.5,2.2
0.04544000000000002,4.5,2.2
0.04552000000000002,4.5,2.2
0.045600000000000016,4.5,2.2
0.04568000000000001,4.7,2.2
0.04576000000000001,4.5,2.2
0.045840000000000006,4.7,2.2
0.04592,4.7,2.2800000000000002
0.046,4.7,2.2
0.046079999999999996,4.7,2.2800000000000002
0.04616000000000002,4.7,2.2800000000000002
0.04624000000000002,4.7,2.2800000000000002
0.046320000000000014,4.9,2.2800000000000002
0.04640000000000001,4.9,2.2800000000000002
0.04648000000000001,4.9,2.2
0.046560000000000004,4.9,2.2800000000000002
0.04664,4.9,2.2800000000000002
0.04672,4.9,2.2800000000000002
0.04680000000000002,4.9,2.2
0.04688000000000002,4.9,2.2800000000000002
0.046960000000000016,5.1000000000000005,2.2
0.04704000000000001,4.9,2.2
0.04712000000000001,5.1000000000000005,2.2
0.047200000000000006,4.9,2.2
0.04728,4.9,2.2
0.04736,4.9,2.2
0.047439999999999996,4.9,2.12
0.04752000000000002,4.9,2.12
0.04760000000000002,4.9,2.12
0.047680000000000014,4.9,2.12
0.04776000000000001,5.1000000000000005,2.04
0.04784000000000001,4.9,2.04
0.047920000000000004,4.9,2.04
0.048,5.1000000000000005,2.04
0.04808,5.1000000000000005,1.96
0.04816000000000002,4.9,1.96
0.04824000000000002,4.9,1.8800000000000001
0.048320000000000016,4.9,1.8800000000000001
0.04840000000000001,4.9,1.8800000000000001
0.04848000000000001,4.9,1.8
0.048560000000000006,4.9,1.72
0.04864,4.7,1.8
0.04872,4.7,1.6400000000000001
0.048799999999999996,4.7,1.72
0.04888000000000002,4.7,1.6400000000000001
0.04896000000000002,4.7,1.6400000000000001
0.049040000000000014,4.7,1.56
0.04912000000000001,4.7,1.56
0.04920000000000001,4.5,1.48
0.049280000000000004,4.7,1.48
0.04936,4.5,1.4000000000000001
0.04944,4.5,1.4000000000000001
0.04952000000000002,4.5,1.32
0.04960000000000002,4.5,1.32
0.049680000000000016,4.5,1.24
0.04976000000000001,4.3,1.24
0.04984000000000001,4.3,1.08
0.049920000000000006,4.3,1.08
0.05,4.3,1.08
0.05008,4.1000000000000005,1.0
0.050159999999999996,4.1000000000000005,1.0
0.05024000000000002,4.1000000000000005,0.92
0.05032000000000002,4.1000000000000005,0.84
0.050400000000000014,4.1000000000000005,0.84
0.05048000000000001,3.9000000000000004,0.76
0.05056000000000001,3.9000000000000004,0.76
0.050640000000000004,4.1000000000000005,0.68
0.05072,3.9000000000000004,0.6
0.0508,3.9000000000000004,0.6
0.05088000000000002,3.7,0.52
0.05096000000000002,3.7,0.44
0.051040000000000016,3.7,0.36
0.05112000000000001,3.5,0.36
0.05120000000000001,3.5,0.28
0.051280000000000006,3.5,0.28
0.05136,3.5,0.2
0.05144,3.5,0.12
0.051519999999999996,3.3000000000000003,0.04
0.05160000000000002,3.3000000000000003,-0.04
0.05168000000000002,3.3000000000000003,-0.04
0.051760000000000014,3.1,-0.04
0.05184000000000001,3.1,-0.12
0.05192000000000001,3.1,-0.12
0.052000000000000005,3.1,-0.2
0.05208,2.9000000000000004,-0.28
0.05216,2.9000000000000004,-0.28
0.05224000000000002,2.7,-0.36
0.05232000000000002,2.9000000000000004,-0.44
0.052400000000000016,2.7,-0.52
0.05248000000000001,2.7,-0.52
0.05256000000000001,2.7,-0.6
0.052640000000000006,2.7,-0.6
0.05272,2.5,-0.68
0.0528,2.3000000000000003,-0.76
0.052879999999999996,2.3000000000000003,-0.76
0.05296000000000002,2.3000000000000003,-0.84
0.05304000000000002,2.3000000000000003,-0.92
0.053120000000000014,2.1,-0.92
0.05320000000000001,2.1,-0.92
0.05328000000000001,2.1,-1.0
0.053360000000000005,2.1,-1.08
0.05344,1.9000000000000001,-1.16
0.05352,1.9000000000000001,-1.16
0.05360000000000002,1.9000000000000001,-1.24
0.05368000000000002,1.9000000000000001,-1.24
0.053760000000000016,1.7000000000000002,-1.32
0.05384000000000001,1.7000000000000002,-1.32
0.05392000000000001,1.7000000000000002,-1.4000000000000001
0.054000000000000006,1.5,-1.48
0.05408,1.5,-1.48
0.05416,1.5,-1.48
0.05424,1.3,-1.56
0.05432000000000002,1.3,-1.56
0.05440000000000002,1.3,-1.6400000000000001
0.054480000000000015,1.1,-1.6400000000000001
0.05456000000000001,1.3,-1.6400000000000001
0.05464000000000001,1.1,-1.72
0.054720000000000005,1.3,-1.72
0.0548,1.1,-1.8
0.05488,1.1,-1.8800000000000001
0.05496000000000002,0.9,-1.8
0.05504000000000002,0.9,-1.8800000000000001
0.055120000000000016,0.9,-1.8800000000000001
0.05520000000000001,0.9,-1.96
0.05528000000000001,0.7000000000000001,-1.96
0.055360000000000006,0.7000000000000001,-1.96
0.05544,0.7000000000000001,-1.96
0.05552,0.7000000000000001,-2.04
0.0556,0.9,-2.04
0.05568000000000002,0.7000000000000001,-2.04
0.05576000000000002,0.5,-2.04
0.055840000000000015,0.5,-2.12
0.05592000000000001,0.5,-2.12
0.05600000000000001,0.5,-2.12
0.056080000000000005,0.5,-2.12
0.05616,0.5,-2.12
0.05624,0.5,-2.12
0.05632000000000002,0.5,-2.12
0.05640000000000002,0.5,-2.2
0.056480000000000016,0.30000000000000004,-2.2
0.05656000000000001,0.30000000000000004,-2.12
0.05664000000000001,0.30000000000000004,-2.2
0.056720000000000007,0.1,-2.2
0.0568,0.30000000000000004,-2.2
0.05688,0.30000000000000004,-2.2
0.05696,0.1,-2.2
0.05704000000000002,0.1,-2.2
0.05712000000000002,0.1,-2.2
0.057200000000000015,0.1,-2.2
0.05728000000000001,0.1,-2.2
0.05736000000000001,0.30000000000000004,-2.12
0.057440000000000005,0.1,-2.2
0.05752,0.1,-2.12
0.0576,0.1,-2.12
0.05768000000000002,0.1,-2.12
0.05776000000000002,0.1,-2.04
0.057840000000000016,0.1,-2.04
0.05792000000000001,0.1,-2.04
0.05800000000000001,0.1,-2.04
0.05808000000000001,0.1,-2.04
0.05816,0.1,-2.04
0.05824,0.30000000000000004,-2.04
0.05832,0.1,-1.96
0.05840000000000002,0.1,-1.96
0.05848000000000002,0.1,-1.96
0.058560000000000015,0.1,-1.8800000000000001
0.05864000000000001,0.1,-1.8800000000000001
0.05872000000000001,0.30000000000000004,-1.8800000000000001
0.058800000000000005,0.1,-1.8
0.05888,0.1,-1.8
0.05896,0.1,-1.72
0.05904000000000002,0.30000000000000004,-1.72
0.05912000000000002,0.30000000000000004,-1.6400000000000001
0.059200000000000016,0.5,-1.6400000000000001
0.05928000000000001,0.5,-1.6400000000000001
0.05936000000000001,0.30000000000000004,-1.56
0.05944000000000001,0.30000000000000004,-1.56
0.05952,0.30000000000000004,-1.48
0.0596,0.5,-1.48
0.05968,0.5,-1.48
0.05976000000000002,0.5,-1.4000000000000001
0.05984000000000002,0.5,-1.32
0.059920000000000015,0.5,-1.32
0.06000000000000001,0.7000000000000001,-1.24
0.06008000000000001,0.7000000000000001,-1.16
0.060160000000000005,0.7000000000000001,-1.24
0.06024,0.7000000000000001,-1.08
0.06032,0.7000000000000001,-1.08
0.06040000000000002,0.9,-1.08
0.06048000000000002,0.7000000000000001,-1.0
0.06056000000000002,1.1,-0.92
0.06064000000000001,0.9,-0.92
0.06072000000000001,0.9,-0.84
0.06080000000000001,0.9,-0.76
0.060880000000000004,1.1,-0.76
0.06096,1.1,-0.68
0.06104,1.3,-0.68
0.06112000000000002,1.1,-0.52
0.06120000000000002,1.3,-0.52
0.061280000000000015,1.5,-0.44
0.06136000000000001,1.3,-0.44
0.06144000000000001,1.3,-0.44
0.061520000000000005,1.5,-0.28
0.0616,1.5,-0.2
0.06168,1.5,-0.2
0.06176000000000002,1.7000000000000002,-0.12
0.06184000000000002,1.7000000000000002,-0.2
0.06192000000000002,1.7000000000000002,-0.04
0.06200000000000001,1.7000000000000002,-0.04
0.06208000000000001,1.9000000000000001,0.04
0.06216000000000001,1.9000000000000001,0.12
0.062240000000000004,1.9000000000000001,0.2
0.06232,1.9000000000000001,0.2
0.0624,2.1,0.28
0.06248000000000002,2.1,0.28
0.06256000000000002,2.3000000000000003,0.36
0.06264000000000002,2.3000000000000003,0.36
0.06272000000000001,2.3000000000000003,0.44
0.06280000000000001,2.3000000000000003,0.52
0.06288,2.3000000000000003,0.6
0.06296,2.5,0.6
0.06304,2.5,0.68
0.06312000000000002,2.5,0.76
0.06320000000000002,2.7,0.84
0.06328000000000002,2.7,0.84
0.06336000000000001,2.7,0.92
0.06344000000000001,2.9000000000000004,0.92
0.06352000000000001,2.9000000000000004,1.0
0.0636,2.9000000000000004,1.08
0.06368,2.9000000000000004,1.0
0.06376,3.1,1.08
0.06384000000000002,3.1,1.24
0.06392000000000002,3.1,1.24
0.06400000000000002,3.3000000000000003,1.24
0.06408000000000001,3.3000000000000003,1.32
0.06416000000000001,3.3000000000000003,1.32
0.06424,3.5,1.4000000000000001
0.06432,3.5,1.48
0.0644,3.5,1.48
0.06448000000000002,3.5,1.48
0.06456000000000002,3.5,1.56
0.06464000000000002,3.7,1.6400000000000001
0.06472000000000001,3.7,1.6400000000000001
0.06480000000000001,3.7,1.6400000000000001
0.06488000000000001,3.9000000000000004,1.72
0.06496,3.9000000000000004,1.72
0.06504,4.1000000000000005,1.8
0.06512,3.9000000000000004,1.8
0.06520000000000002,3.9000000000000004,1.8
0.06528000000000002,3.9000000000000004,1.8800000000000001
0.06536000000000002,4.1000000000000005,1.8800000000000001
0.06544000000000001,4.1000000000000005,1.96
0.06552000000000001,4.1000000000000005,1.96
0.0656,4.1000000000000005,2.04
0.06568,4.3,2.04
0.06576,4.3,2.04
0.06584000000000002,4.3,2.04
0.06592000000000002,4.3,2.04
0.06600000000000002,4.5,2.04
0.06608000000000001,4.7,2.12
0.06616000000000001,4.5,2.12
0.06624000000000001,4.7,2.12
0.06632,4.5,2.2
0.0664,4.5,2.2
0.06648,4.7,2.2
0.06656000000000002,4.5,2.2
0.06664000000000002,4.5,2.2
0.06672000000000002,4.9,2.2
0.06680000000000001,4.7,2.2
0.06688000000000001,4.7,2.2800000000000002
0.06696,4.9,2.2
0.06704,4.7,2.2800000000000002
0.06712,4.7,2.2
0.06720000000000002,4.7,2.2800000000000002
0.06728000000000002,4.9,2.2800000000000002
0.06736000000000002,4.9,2.2800000000000002
0.06744000000000001,4.9,2.2800000000000002
0.06752000000000001,4.9,2.2800000000000002
0.06760000000000001,4.9,2.2800000000000002
0.06768,4.9,2.2800000000000002
0.06776,4.9,2.2
0.06784,4.9,2.2
0.06792000000000002,4.9,2.2800000000000002
0.06800000000000002,4.9,2.2
0.06808000000000002,4.9,2.2
0.06816000000000001,4.9,2.2
0.06824000000000001,4.9,2.2
0.06832,4.9,2.12
0.0684,4.9,2.12
0.06848,4.9,2.04
0.06856000000000002,4.9,2.12
0.06864000000000002,4.9,2.04
0.06872000000000002,4.9,2.04
0.06880000000000001,4.9,1.96
0.06888000000000001,4.9,2.04
0.06896000000000001,4.9,1.8800000000000001
0.06904,4.9,1.96
0.06912,4.9,1.96
0.0692,4.9,1.8800000000000001
0.06928000000000002,4.9,1.8800000000000001
0.06936000000000002,4.7,1.8
0.06944000000000002,4.9,1.8
0.06952000000000001,4.9,1.8
0.06960000000000001,4.7,1.8
0.06968,4.7,1.72
0.06976,4.7,1.6400000000000001
0.06984,4.7,1.6400000000000001
0.06992000000000002,4.7,1.56
0.07000000000000002,4.5,1.56
0.07008000000000002,4.5,1.48
0.07016000000000001,4.5,1.48
0.07024000000000001,4.5,1.4000000000000001
0.07032000000000001,4.5,1.4000000000000001
0.0704,4.5,1.32
0.07048,4.5,1.32
0.07056,4.5,1.24
0.07064000000000002,4.5,1.24
0.07072000000000002,4.5,1.08
0.07080000000000002,4.5,1.08
0.07088000000000001,4.3,1.08
0.07096000000000001,4.3,1.0
0.07104,4.1000000000000005,1.0
0.07112,4.1000000000000005,0.84
0.0712,4.1000000000000005,0.84
0.07128000000000002,4.1000000000000005,0.84
0.07136000000000002,3.9000000000000004,0.76
0.07144000000000002,3.9000000000000004,0.68
0.07152000000000001,3.9000000000000004,0.6
0.07160000000000001,3.9000000000000004,0.68
0.07168000000000001,3.9000000000000004,0.52
0.07176,3.9000000000000004,0.52
0.07184,3.7,0.44
0.07192,3.7,0.36
0.07200000000000002,3.5,0.36
0.07208000000000002,3.5,0.28
0.07216000000000002,3.5,0.28
0.07224000000000001,3.5,0.2
0.07232000000000001,3.5,0.12
0.0724,3.3000000000000003,0.12
0.07248,3.3000000000000003,0.04
0.07256,3.3000000000000003,-0.04
0.07264000000000002,3.1,-0.04
0.07272000000000002,3.1,-0.12
0.07280000000000002,3.1,-0.2
0.07288000000000001,3.1,-0.2
0.07296000000000001,3.1,-0.28
0.07304000000000001,2.9000000000000004,-0.36
0.07312,2.9000000000000004,-0.36
0.0732,2.7,-0.52
0.07328,2.7,-0.44
0.07336000000000002,2.7,-0.52
0.07344000000000002,2.7,-0.6
0.07352000000000002,2.7,-0.6
0.07360000000000001,2.5,-0.68
0.07368000000000001,2.3000000000000003,-0.76
0.07376,2.3000000000000003,-0.76
0.07384,2.3000000000000003,-0.84
0.07392,2.3000000000000003,-0.92
0.07400000000000002,2.1,-0.92
0.07408000000000002,2.1,-1.0
0.07416000000000002,2.1,-1.0
0.07424000000000001,1.9000000000000001,-1.16
0.07432000000000001,1.9000000000000001,-1.16
0.07440000000000001,1.9000000000000001,-1.16
0.07448,1.9000000000000001,-1.24
0.07456,1.7000000000000002,-1.24
0.07464,1.7000000000000002,-1.32
0.07472000000000002,1.7000000000000002,-1.32
0.07480000000000002,1.5,-1.4000000000000001
0.07488000000000002,1.5,-1.4000000000000001
0.07496000000000001,1.5,-1.48
0.07504000000000001,1.5,-1.48
0.07512,1.3,-1.56
0.0752,1.3,-1.6400000000000001
0.07528,1.3,-1.6400000000000001
0.07536000000000002,1.3,-1.6400000000000001
0.07544000000000002,1.3,-1.72
0.07552000000000002,1.3,-1.72
0.07560000000000001,1.1,-1.8
0.07568000000000001,1.3,-1.8
0.07576000000000001,1.1,-1.8
0.07584,0.9,-1.8800000000000001
0.07592,0.9,-1.8800000000000001
0.076,0.9,-1.8800000000000001
0.07608000000000002,0.9,-1.8800000000000001
0.07616000000000002,0.7000000000000001,-1.96
0.07624000000000002,0.9,-1.96
0.07632000000000001,0.7000000000000001,-1.96
0.07640000000000001,0.7000000000000001,-2.04
0.07648,0.5,-2.04
0.07656,0.7000000000000001,-2.04
0.07664,0.5,-2.04
0.07672000000000002,0.7000000000000001,-2.12
0.07680000000000002,0.5,-2.12
0.07688000000000002,0.5,-2.12
0.07696000000000001,0.30000000000000004,-2.12
0.07704000000000001,0.5,-2.12
0.07712000000000001,0.30000000000000004,-2.12
0.0772,0.30000000000000004,-2.12
0.07728,0.30000000000000004,-2.2
0.07736,0.30000000000000004,-2.2
0.07744000000000002,0.30000000000000004,-2.2
0.07752000000000002,0.5,-2.12
0.07760000000000002,0.1,-2.2
0.07768000000000001,0.30000000000000004,-2.2
0.07776000000000001,0.1,-2.2
0.07784,0.1,-2.12
0.07792,0.30000000000000004,-2.2
0.078,0.1,-2.2
0.07808000000000002,0.1,-2.2
0.07816000000000002,0.1,-2.2
0.07824000000000002,0.1,-2.12
0.07832000000000001,0.1,-2.2
0.07840000000000001,0.30000000000000004,-2.12
0.07848000000000001,0.1,-2.12
0.07856,0.1,-2.12
0.07864,0.1,-2.12
0.07872,0.1,-2.04
0.07880000000000002,0.1,-2.04
0.07888000000000002,0.1,-2.04
0.07896000000000002,0.1,-2.04
0.07904000000000001,0.1,-1.96
0.07912000000000001,0.1,-1.96
0.0792,0.1,-1.96
0.07928,0.1,-1.96
0.07936,0.1,-1.8800000000000001
0.07944000000000002,0.1,-1.8800000000000001
0.07952000000000002,0.30000000000000004,-1.8
0.07960000000000002,0.30000000000000004,-1.8
0.07968000000000001,0.30000000000000004,-1.8
0.07976000000000001,0.30000000000000004,-1.8
0.07984000000000001,0.5,-1.72
0.07992,0.30000000000000004,-1.72
